index,name,route,desktop_status,desktop_result,desktop_width,desktop_height,desktop_overflow,mobile_status,mobile_result,mobile_width,mobile_height,mobile_overflow,console_error_count,page_error_count,failed_request_count,notes
1,home,/,200,PASS,1440,1200,false,200,PASS,780,3584,false,0,0,0,""
2,community,/community,200,PASS,1440,1799,false,200,PASS,780,9866,false,0,0,0,""
3,login,/login,200,PASS,1440,1200,false,200,PASS,780,1688,false,0,0,0,""
4,tree-detail,/tree/community-demo,200,PASS,1440,1848,false,200,PASS,780,5444,false,0,0,0,""
5,memory-connect,/memory/connect-demo,200,PASS,1440,1642,false,200,PASS,780,3102,false,0,0,0,""
6,my-trees,/my-trees,200,PASS,1440,1200,false,200,PASS,780,4980,false,0,0,0,""
7,tree-editor,/tree/edit-demo,200,PASS,1440,1200,false,200,PASS,780,4056,false,0,0,0,""
8,empty-tree-editor,/tree/new-demo,200,PASS,1440,1200,false,200,PASS,780,1688,false,0,0,0,""
9,memory-detail,/memory/detail-demo,200,PASS,1440,1200,false,200,PASS,780,1948,false,0,0,0,""
10,media-search,/media/search-demo,200,PASS,1440,1200,false,200,PASS,780,1688,false,0,0,0,""
11,visibility-settings,/settings/visibility-demo,200,PASS,1440,1200,false,200,PASS,780,1688,false,0,0,0,""
12,my-trees-empty,/my-trees/empty-demo,200,PASS,1440,1200,false,200,PASS,780,1688,false,0,0,0,""
